email_content,label
"Dear Professor Smith,I hope this message finds you well. I am a second-year student majoring in Computer Science, and I have some questions regarding the upcoming exams. Could you please provide information on the exam format and any specific topics we should focus on while studying? Thank you for your assistance.Best regards,John Doe",Student inquiries
"Hello Dr. Johnson,I am writing to inquire about the course materials for the Data Structures class. I have missed a few lectures and would appreciate it if you could send me the relevant notes or direct me to where I might find them. Thank you for your help!Sincerely,Alice Smith",Student inquiries
"Dear Ms. Brown,I am a graduate student in the Environmental Science program. I wanted to ask if there are any opportunities for research assistantships in your lab. I am very interested in your work on climate change and would love to contribute. Please let me know if there are any openings.Thank you!Best,Kevin Lee",Student inquiries
"Hi Professor Garcia,I hope you are doing well. I am currently working on my thesis, and I have some questions regarding the data analysis section. Would it be possible to schedule a meeting to discuss this further? I would appreciate your insights.Thanks in advance!Best,Maya Patel",Student inquiries
"Dear Dr. Wilson,I hope you're having a great day! I wanted to ask if you could provide feedback on my recent assignment in the Statistics class. I am eager to improve my understanding and would appreciate any suggestions you might have. Thank you!Warm regards,Emma Johnson",Student inquiries
"Hello Professor Martinez,I am reaching out to inquire about the upcoming internship fair. Are there any specific companies you would recommend for students in the engineering field? I want to prepare adequately.Thank you for your guidance!Best,David Kim",Student inquiries
"Dear Dr. Taylor,I am interested in enrolling in the Advanced Algorithms course next semester. Could you please provide me with the prerequisites and any other information I might need? Thank you very much!Sincerely,Olivia Lee",Student inquiries
"Hi Dr. White,I hope this email finds you well. I am a first-year student in the Psychology department, and I have some questions about the elective courses available for the next semester. Could you provide more details about the options?Thank you!Best,Ava Davis",Student inquiries
"Dear Professor Anderson,I am writing to ask if you could help me with the project proposal for my Capstone project. I am unsure about the direction I should take and would greatly appreciate your expertise in this matter.Thank you for your time!Kind regards,Liam Johnson",Student inquiries
"Hello Dr. Lewis,I hope you are having a productive week. I would like to know if there are any chances to participate in your ongoing research regarding neural networks. I am eager to gain practical experience and contribute to your work.Best wishes,Sophia Thompson",Student inquiries
"Dear Professor Harris,I am interested in applying for a study abroad program and wanted to know if you could provide any advice on which programs would be best for my major in International Relations. Thank you for your support!Sincerely,James Garcia",Student inquiries
"Hello Dr. Young,I hope this email finds you in good health. I am seeking advice on how to improve my programming skills for the upcoming hackathon. Would you be able to recommend any resources or practice materials?Thank you very much!Best,Isabella Martin",Student inquiries
"Dear Ms. Robinson,I am writing to ask about the possibility of arranging a study group for the upcoming semester. I think collaborating with fellow students would enhance our learning experience. Could you please assist me in setting this up?Thank you!Warm regards,Ethan Baker",Student inquiries
"Hi Professor Nelson,I hope you're doing well. I have a question regarding the grading policy for your course. I am a bit confused about the criteria and would appreciate clarification. Thank you for your time!Best,Mia Wilson",Student inquiries
"Dear Dr. Clark,I hope you are having a wonderful day. I wanted to know if there are any workshops available for students interested in career development. I believe this would greatly benefit many of us. Thank you for your help!Sincerely,Lucas Hall",Student inquiries
"Hello Professor Wright,I am a student in your Marketing class and would like to know if you could provide guidance on our upcoming group project. We want to ensure we are on the right track, and your expertise would be invaluable.Best regards,Charlotte King",Student inquiries
"Dear Ms. Hill,I am writing to request access to the academic journal articles you mentioned during the lecture on digital marketing. They would be very helpful for my research. Thank you for your assistance!Best,Alexander Scott",Student inquiries
"Hi Dr. Adams,I hope this message finds you well. I am preparing for the final exam and would like to know if there are any practice questions or resources you could recommend. Your guidance would be greatly appreciated!Thanks!Warm regards,Ella Green",Student inquiries
"Dear Professor Baker,I am reaching out to inquire about potential summer research opportunities in your lab. I am eager to learn more about the field and would love to contribute to your work if possible.Thank you for your consideration!Best,Daniel Martinez",Student inquiries
"Hello Dr. Mitchell,I hope you are having a good week. I would like to ask if you could provide any information regarding the application process for graduate programs in Computer Science. I am very interested in continuing my studies.Best,Avery Turner",Student inquiries
"Dear Professor Perez,I hope this email finds you in good spirits. I have a few questions regarding the final project for our course. I would appreciate it if we could schedule a time to discuss this further. Thank you!Kind regards,Samantha Rivera",Student inquiries
"Hi Dr. Roberts,I am interested in pursuing a minor in Business Administration and would like to know the necessary steps and requirements to do so. Could you please provide me with this information?Thank you!Sincerely,Benjamin Young",Student inquiries
"Dear Ms. Carter,I hope this email finds you well. I wanted to inquire about the library resources available for thesis writing. Are there specific guides or tools that you would recommend?Thank you for your assistance!Best,Grace Ramirez",Student inquiries
"Hello Professor Ramirez,I hope you're having a productive semester. I am a student in your History class and would like to know if there are any additional readings you would suggest to better understand the course material.Thank you for your guidance!Best regards,Ryan Lee",Student inquiries
"Dear Dr. Edwards,I hope you're doing well. I am reaching out to seek your advice regarding potential career paths in the field of Artificial Intelligence. Your insights would be incredibly valuable as I make my decisions.Thank you!Warm regards,Sophiaof effort and would like to improve my overall grade if possible. Thank you for considering my request!Best,Matthew Clark",Student inquiries
"Dear Ms. Murphy,I hope you are having a great week. I would like to inquire if there are any tutoring services available for students struggling with calculus. I believe this could greatly help many of us. Thank you!Sincerely,Chloe Allen",Student inquiries
"Hello Dr. Cooper,I am currently exploring internship opportunities for the summer and would love to get your advice on where to look and how to approach potential employers. Your guidance would be greatly appreciated!Thanks!Warm regards,Zoe Rodriguez",Student inquiries
"Dear Professor Hughes,I am a senior in the Biology program, and I wanted to ask if there are any upcoming seminars or workshops that would be beneficial for students interested in environmental conservation. Thank you for your help!Best,Henry Thompson",Student inquiries
"Hi Dr. Rivera,I hope you are doing well. I wanted to follow up on my previous request regarding the guest lectures you mentioned in class. Are there any dates available for us to attend? Thank you for your assistance!Best,Victoria Martinez",Student inquiries
"Dear Professor Foster,I am interested in conducting a research project for my independent study and wanted to seek your advice on potential topics. I value your insights and would appreciate any suggestions you might have.Thank you!Kind regards,Isaac Reed",Student inquiries
"Hello Dr. Turner,I am writing to inquire about the academic calendar for next semester. I would like to plan my course load accordingly, so any information you could provide would be helpful. Thank you!Best regards,Ariana Parker",Student inquiries
"Dear Ms. Ramirez,I hope this message finds you well. I have some concerns regarding my course load for the upcoming semester and would like to discuss my options with you. Could we schedule a meeting?Thank you!Best,Sebastian King",Student inquiries
"Hi Professor Simmons,I hope you are having a good day. I am seeking information about the elective courses offered in the upcoming semester. Would you be able to send me the list or direct me to where I can find it? Thank you!Sincerely,Lily Gray",Student inquiries
"Dear Dr. Price,I am interested in volunteering for the university's community outreach programs and would like to know how I can get involved. Your guidance on this would be much appreciated!Best,Nathan Bennett",Student inquiries
"I wanted to know if there are any changes in the upcoming exam schedule for the Data Structures course. Also, could you please confirm the format of the exam Is it online or offline",Student inquiries
"I’m having trouble understanding the assignments for the Machine Learning course. Could you suggest additional resources or tutorials I could refer to",Student inquiries
"Can you provide more details regarding the course prerequisites for Advanced Algorithms I want to make sure I meet the requirements before enrolling next semester.",Student inquiries
"I would like to request an official transcript of my academic records. Could you let me know the process for obtaining one",Student inquiries
"I am planning to take a leave of absence next semester. Could you guide me through the steps to formally request a deferral",Student inquiries
"Is it possible to retake the midterm exam in case of an emergency absence I was unable to attend due to a family situation.",Student inquiries
"I would appreciate any guidance on how to improve my performance in the upcoming exams. I’m struggling with certain topics.",Student inquiries
"Can you provide more details about the summer internship programs available for students in the department",Student inquiries
"I’m considering switching my major to Data Science. Can you provide the steps involved in this process",Student inquiries
"How do I register for the upcoming semester Are there any new policies or changes I should be aware of",Student inquiries
"Could you help clarify the grading policy for the final project in the Operating Systems course",Student inquiries
"I would like to submit a request for special accommodation during exams due to medical reasons. How can I proceed",Student inquiries
"What is the best way to prepare for the final project presentation I’m a bit anxious and would appreciate some advice.",Student inquiries
"Can I submit a late assignment for the Database Management course, and will there be any penalties",Student inquiries
"I’m currently on academic probation and would like to know what steps I need to take to get back on track.",Student inquiries
"Is there an option to audit the Quantum Computing course next semester without enrolling for full credit",Student inquiries
"I missed a couple of lectures last week. Could you provide guidance on how I can catch up on the material",Student inquiries
"Can you provide more information on the elective courses available next semester I’m not sure which ones to choose.",Student inquiries
"I’m struggling to understand the research paper assigned in class. Can you suggest how I can approach it more effectively",Student inquiries
"Could you let me know if there are any additional reading materials or references available for the AI Ethics course",Student inquiries
"I’m interested in joining a student organization related to data science. Could you guide me to the right contacts",Student inquiries
"I would like to apply for a teaching assistant position for next semester. What are the qualifications required",Student inquiries
"I’m having technical difficulties accessing the online course portal. Could you help troubleshoot the issue",Student inquiries
"What are the requirements for graduating with honors in this department I want to start preparing now.",Student inquiries
"I am interested in pursuing a research opportunity in the department. How can I apply, and what are the qualifications",Student inquiries
"Is there a mentorship program in place for students who need academic or career advice I would like to participate.",Student inquiries
"I would like to switch my academic advisor. Can you guide me through the process",Student inquiries
"Are there any study abroad programs available through the department I would be very interested in participating.",Student inquiries
"Dear Dr. Smith,I hope this email finds you well. I am reaching out to explore the possibility of collaborating on research related to artificial intelligence in healthcare. I believe our combined expertise could lead to significant advancements in this area. Looking forward to your thoughts.Best regards,Emily Johnson",Academic collaboration inquiries
"Hello Professor Lee,I am a faculty member in the Computer Science department and am interested in discussing potential collaborations on projects focusing on data privacy and security. I would appreciate the opportunity to discuss this further with you.Thank you!Sincerely,Michael Brown",Academic collaboration inquiries
"Dear Dr. Patel,I hope you are doing well. I am currently working on a research project that involves renewable energy sources. I would love to explore how we could collaborate, especially regarding your expertise in sustainable technologies.Best,Sophia White",Academic collaboration inquiries
"Hi Professor Wilson,I wanted to reach out to discuss the potential for collaboration between our departments on a joint research initiative. I believe there are many synergies we could explore, especially in the area of interdisciplinary studies.Thank you!Warm regards,James Wilson",Academic collaboration inquiries
"Dear Ms. Davis,I am writing to propose a collaborative study on the impact of climate change on local ecosystems. Your research in environmental science aligns perfectly with my work in ecology. I would love to discuss this further.Best,Lily Green",Academic collaboration inquiries
"Hello Dr. Taylor,I hope this message finds you well. I am interested in exploring a collaborative effort in the field of artificial intelligence in education. Your research on innovative teaching methods would complement my work on AI applications.Thank you!Best regards,Alexander Lee",Academic collaboration inquiries
"Dear Professor Carter,I hope you are having a productive week. I am currently seeking collaborators for a project on urban planning and smart cities. Your insights into architecture would greatly enhance our research efforts. Can we set up a time to discuss?Best,Mia Hall",Academic collaboration inquiries
"Hi Dr. Johnson,I hope you are doing well! I am conducting research on health informatics and would like to discuss potential collaboration opportunities. I believe our combined efforts could lead to groundbreaking insights.Thank you!Best wishes,Ethan Taylor",Academic collaboration inquiries
"Dear Dr. White,I am reaching out to explore the possibility of collaborating on a project focused on digital marketing strategies for educational institutions. Your expertise in marketing would be invaluable to this research.Thank you!Sincerely,Isabella Moore",Academic collaboration inquiries
"Hello Professor Scott,I hope this email finds you well. I am interested in collaborating on a research paper related to the effects of social media on youth engagement in education. I believe our joint research could provide significant insights.Best,Oliver Smith",Academic collaboration inquiries
"Dear Dr. King,I am a researcher in the field of neuroscience, and I would like to explore the possibility of collaborating on studies related to cognitive development in children. Your expertise in developmental psychology would be a great asset to this work.Thank you!Best,Chloe Harris",Academic collaboration inquiries
"Hi Ms. Adams,I hope you are having a great day! I am currently developing a project on educational technology and am keen on collaborating with experts in pedagogy. Your insights could be instrumental to our research.Thank you!Best,Lucas Garcia",Academic collaboration inquiries
"Dear Professor Martinez,I am reaching out to discuss potential collaboration opportunities in the field of genetic research. Your recent publications have inspired my interest, and I believe our combined expertise could lead to innovative findings.Best,Amelia Lee",Academic collaboration inquiries
"Hello Dr. Green,I hope this email finds you in good spirits. I am currently working on a project that investigates the intersection of art and technology. I would love to explore the possibility of collaborating with you, given your background in digital art.Thank you!Best regards,Nathan Walker",Academic collaboration inquiries
"Dear Professor Carter,I hope you are doing well. I am looking for collaborators for a project on renewable energy policy. Your research in environmental law would provide valuable insights to our study. Can we discuss this further?Thank you!Sincerely,Ella Rodriguez",Academic collaboration inquiries
"Hi Dr. Brown,I wanted to reach out to see if you would be interested in collaborating on research related to the social impact of technology in education. I believe our combined efforts could create a significant impact in this area.Thank you!Best,Sebastian Turner",Academic collaboration inquiries
"Dear Dr. Harris,I hope you are having a wonderful week. I am currently working on a study that analyzes the effectiveness of online learning platforms, and I would like to explore the possibility of collaborating with you on this research.Best,Zoe Martinez",Academic collaboration inquiries
"Hello Professor Clark,I am interested in discussing potential collaborations focused on the ethical implications of artificial intelligence. Your research in this area would greatly enhance our understanding and contribute to meaningful outcomes.Thank you!Best regards,Liam Taylor",Academic collaboration inquiries
"Dear Dr. Adams,I hope this email finds you well. I am currently involved in research concerning public health policies, and I believe there could be a great opportunity for us to collaborate on a joint publication.Thank you!Best,Chloe Thompson",Academic collaboration inquiries
"Hi Ms. Davis,I am writing to inquire if you would be open to collaborating on a project examining the effects of remote learning on student engagement. I believe our combined expertise could lead to significant insights.Thank you!Sincerely,Oliver Hall",Academic collaboration inquiries
"Dear Professor Smith,I hope you are doing well! I am currently researching climate resilience in urban areas, and I would like to discuss potential collaboration opportunities with your team.Best,Mia Johnson",Academic collaboration inquiries
"Hello Dr. Lee,I hope this message finds you in good health. I am seeking to partner with fellow researchers to study the impact of social media on public opinion during elections. Your expertise would be invaluable.Thank you!Best regards,Ethan Martin",Academic collaboration inquiries
"Dear Dr. White,I hope you are having a productive week! I am interested in working together on a project focused on machine learning applications in healthcare. I believe our combined knowledge could lead to innovative solutions.Best,Zoe Davis",Academic collaboration inquiries
"Hi Professor Martinez,I am currently studying the implications of mental health on student performance and would love to collaborate on this project with you, given your extensive background in psychology.Thank you!Warm regards,Liam Brown",Academic collaboration inquiries
"Dear Ms. King,I hope this email finds you well. I am researching community engagement strategies in higher education and believe a collaboration could enhance our respective works.Best,Isabella Lee",Academic collaboration inquiries
"Hello Dr. Taylor,I am a faculty member in the Sociology department and would like to discuss potential collaborative efforts on research involving community dynamics and social change.Thank you!Best,Michael Walker",Academic collaboration inquiries
"Dear Professor Roberts,I hope you are doing well. I am currently investigating the role of cultural factors in education and would love to explore possible collaborations on research related to this topic.Best,Amelia Hall",Academic collaboration inquiries
"Hi Dr. Harris,I am reaching out to see if you would be interested in collaborating on a study focused on the use of gamification in education. Your insights would greatly enrich the project.Thank you!Best wishes,Ethan White",Academic collaboration inquiries
"Dear Ms. Carter,I hope this email finds you in good spirits. I am working on a project related to ethical issues in technology use and would love to discuss the possibility of collaborating with you.Best,Chloe Johnson",Academic collaboration inquiries
"Hello Dr. Brown,I hope you are having a wonderful week! I am currently conducting research on the effectiveness of different learning styles and would like to discuss potential collaboration opportunities.Best,Sebastian Martinez",Academic collaboration inquiries
"Dear Professor Smith,I am interested in exploring collaboration opportunities focused on global health challenges and would like to discuss how our research could align.Thank you!Best regards,Liam Wilson",Academic collaboration inquiries
"Hi Dr. Lee,I hope this message finds you well. I am currently working on a project about the intersection of technology and ethics in business and would love to collaborate with you.Thank you!Sincerely,Zoe Green",Academic collaboration inquiries
"Dear Dr. Taylor,I am reaching out to discuss the potential for collaboration on a project examining the relationship between social media usage and mental health outcomes in adolescents. I believe this research could provide valuable insights.Best,Mia Thompson",Academic collaboration inquiries
"Hello Professor Carter,I hope you are doing well! I am currently researching educational interventions for at-risk youth and would love to discuss the possibility of collaborating on this important work.Thank you!Best,Michael Harris",Academic collaboration inquiries
"Our institution is interested in exploring joint research opportunities in the field of data science. Would the department be open to a collaboration proposal",Academic collaboration inquiries
"We have funding available for a collaborative research project on sustainable energy solutions. Could we schedule a meeting to discuss potential research initiatives",Academic collaboration inquiries
"Our university is looking to develop a collaborative exchange program with your department. Could we discuss the structure and feasibility of such a program",Academic collaboration inquiries
"We are interested in co-publishing a series of papers on advancements in blockchain technology. Could we work together on this initiative",Academic collaboration inquiries
"Our organization would like to host joint workshops and seminars on AI ethics and its implications in the industry. Can we discuss this further",Academic collaboration inquiries
"We are working on a global research initiative related to climate change. Would your department be interested in participating as a collaborating partner",Academic collaboration inquiries
"Our team would like to establish a cross-university research consortium focusing on 5G networks. Could your department join us in this collaborative effort",Academic collaboration inquiries
"We are seeking expert guidance from your faculty on a project exploring the intersection of AI and healthcare. Could we explore possible collaboration avenues",Academic collaboration inquiries
"We’re looking to partner with academic institutions for collaborative projects in the field of smart city technologies. Could we explore a partnership",Academic collaboration inquiries
"We would like to discuss co-supervision of graduate research students in the field of quantum computing. Could we arrange a meeting to explore this possibility",Academic collaboration inquiries
"Our institution is launching a new journal on renewable energy, and we’re seeking academic collaborators. Would your department be interested",Academic collaboration inquiries
"We are keen on exploring cross-border academic collaborations, particularly in the area of digital transformation. Can we schedule a virtual discussion",Academic collaboration inquiries
"Our research foundation is planning to fund joint projects in the area of machine learning ethics. Would your department be interested in applying",Academic collaboration inquiries
"We are looking for potential academic partners to co-host an international symposium on next-gen networking. Could your department be one of them",Academic collaboration inquiries
"We would like to propose a multi-university research project focusing on human-computer interaction. Could we set up a meeting to discuss this further",Academic collaboration inquiries
"Could your department contribute to our academic journal’s special edition on privacy and security in the digital age",Academic collaboration inquiries
"We are organizing a seminar on bioinformatics and would like to invite speakers from your faculty. Could we discuss potential participation",Academic collaboration inquiries
"Our team would like to explore a partnership for a research project focusing on artificial neural networks. Could we connect with your department",Academic collaboration inquiries
"Our research group is interested in co-authoring a publication on computational neuroscience. Could we collaborate with one of your faculty members",Academic collaboration inquiries
"We are planning to host a global hackathon for academic researchers. Would your department be interested in participating",Academic collaboration inquiries
"We would like to explore opportunities for academic exchange programs between our institutions. Could we discuss this possibility",Academic collaboration inquiries
"We are seeking academic collaborators for a large-scale study on AI-driven automation in industries. Could your department participate",Academic collaboration inquiries
"Our university is interested in establishing a research collaboration with your faculty in the area of sustainable technologies. Could we set up a meeting",Academic collaboration inquiries
"We are looking to host a series of academic webinars on cloud computing and would like to invite guest speakers from your department. Can we discuss potential collaboration",Academic collaboration inquiries
"We are organizing a special issue in our journal focused on advanced robotics, and we’re seeking academic co-editors. Could your department contribute",Academic collaboration inquiries
"We are interested in co-developing online courses on cybersecurity in collaboration with your department. Would your faculty be open to this initiative",Academic collaboration inquiries
"We are interested in joint research funding opportunities and would like to propose a project on autonomous vehicles. Could your department participate",Academic collaboration inquiries
"We are organizing an inter-university research competition on digital innovation. Could your students and faculty participate in this event",Academic collaboration inquiries
"Dear Admissions Team,I am writing to inquire about the possibility of establishing an internship program for our students at XYZ Corporation. We are particularly interested in fields such as computer science and engineering. Can we discuss potential opportunities?Best regards,John Smith",Corporate inquiries
"Hello Professor Johnson,I hope this email finds you well. I am reaching out from ABC Tech to explore potential collaborations with your department on research and development projects. We are eager to partner with academic institutions to enhance our innovation.Thank you!Sincerely,Sarah Williams",Corporate inquiries
"Dear Dr. Lee,I am contacting you on behalf of Global Innovations. We are interested in discussing potential sponsorship of academic research initiatives in your department. Please let us know a suitable time for a meeting.Best,Robert Brown",Corporate inquiries
"Hi Ms. Taylor,I hope you are doing well. I am reaching out from DEF Corporation regarding our upcoming career fair. We would like to invite your students to participate and explore internship and job opportunities with us.Thank you!Warm regards,Jessica Green",Corporate inquiries
"Dear Professor White,I am writing to express our interest in establishing a partnership with your university for research projects in sustainable energy. Our company is eager to collaborate with academic experts to advance this field.Best,David Johnson",Corporate inquiries
"Hello Dr. Martinez,I hope this message finds you in good health. We at GHI Industries are interested in sponsoring research initiatives related to artificial intelligence and machine learning. We would love to discuss this further.Best regards,Emily Davis",Corporate inquiries
"Dear Ms. Carter,I hope you are having a great day! I am reaching out to discuss the possibility of creating a joint workshop series focused on digital marketing strategies. Our company would love to collaborate with your department.Thank you!Sincerely,Matthew Taylor",Corporate inquiries
"Hi Dr. Anderson,I am contacting you from JKL Enterprises. We are interested in exploring internship opportunities for your students in the fields of finance and marketing. Could we set up a meeting to discuss this further?Best,Olivia White",Corporate inquiries
"Dear Professor Clark,I hope this email finds you well. I am writing on behalf of MNO Solutions to discuss potential collaborations on research projects in cybersecurity. We believe your expertise could greatly contribute to our efforts.Thank you!Best regards,Lucas Martin",Corporate inquiries
"Hello Dr. Hall,I hope you are doing well. I am reaching out from PQR Technologies to explore opportunities for partnership in research and development. We are particularly interested in collaborating with your department on innovative solutions.Best,Isabella Lee",Corporate inquiries
"Dear Ms. Scott,I am writing to inquire about opportunities for student internships at your university. We at STU Corp are keen on providing hands-on experience in technology and business for your students.Best,Daniel Anderson",Corporate inquiries
"Hi Dr. Thompson,I hope this message finds you well. I am reaching out from VWX Inc. regarding potential research collaborations focused on environmental sustainability. We believe our joint efforts could lead to impactful outcomes.Thank you!Warm regards,Sophia Green",Corporate inquiries
"Dear Professor Lewis,I am contacting you to discuss a potential partnership between our company and your department regarding innovation in product design. We would love to explore this collaboration further.Best,Henry Harris",Corporate inquiries
"Hello Dr. Martinez,I hope you are having a productive week! I am writing on behalf of YZ Corp to discuss the possibility of sponsoring student-led research projects. We believe this could be mutually beneficial.Best,Mia Thompson",Corporate inquiries
"Dear Ms. Walker,I hope this email finds you in good spirits. I am reaching out to explore opportunities for collaboration on community outreach initiatives. Our company is committed to supporting educational efforts in the community.Thank you!Best,Ethan Lewis",Corporate inquiries
"Hi Dr. King,I am contacting you from ABC Global. We are interested in establishing a research partnership focused on health technologies. We believe your insights could greatly enhance our efforts in this area.Best,Chloe Martin",Corporate inquiries
"Dear Professor Roberts,I am writing to inquire about internship opportunities for your students at our company. We at XYZ Ltd. are eager to provide practical experience in the technology sector.Thank you!Best,Oliver Johnson",Corporate inquiries
"Hello Dr. White,I hope you are doing well! I am reaching out from EFG Inc. to discuss potential collaborations in educational technology research. We believe this partnership could yield significant advancements.Best,Samantha Taylor",Corporate inquiries
"Dear Ms. Green,I am contacting you to explore opportunities for your students to gain experience through internships at our firm. We are interested in candidates studying business administration and management.Best,Liam Anderson",Corporate inquiries
"Hi Dr. Hall,I hope this message finds you well. I am writing on behalf of XYZ Corporation to discuss potential research projects related to renewable energy. We believe this collaboration could make a meaningful impact.Thank you!Best regards,Mason Brown",Corporate inquiries
"Dear Professor Taylor,I hope you are having a productive day! I am reaching out to discuss potential sponsorship of student-led research initiatives at your university. Our company is interested in supporting innovation in technology.Best,Grace Clark",Corporate inquiries
"Hello Dr. Lewis,I am contacting you from MNO Solutions. We are interested in exploring partnerships in the field of machine learning and artificial intelligence. Your expertise would be invaluable to our research.Best,James Wilson",Corporate inquiries
"Dear Ms. Adams,I hope this email finds you well. I am writing on behalf of DEF Industries to discuss internship opportunities for your students. We believe they could gain valuable experience with us.Best,Ava Thompson",Corporate inquiries
"Hi Dr. Rodriguez,I hope you are doing well! I am reaching out from PQR Technologies to explore potential collaborations on research initiatives in software development. We would love to discuss this further.Thank you!Sincerely,Noah Martinez",Corporate inquiries
"Dear Professor White,I am writing to inquire about the possibility of sponsoring research in the field of data analytics at your university. We believe this collaboration could lead to significant advancements in our understanding of big data.Best,Zoe Scott",Corporate inquiries
"Hello Dr. Turner,I hope you are having a great day! I am reaching out from GHI Corp regarding our interest in establishing a partnership for research on digital marketing strategies. Can we set up a meeting to discuss this?Thank you!Warm regards,Ella Lee",Corporate inquiries
"Dear Ms. Johnson,I am contacting you to discuss potential internship programs for your students at our company. We are particularly interested in candidates pursuing degrees in engineering and computer science.Best,William Brown",Corporate inquiries
"Hi Dr. Harris,I hope this message finds you well. I am writing on behalf of JKL Enterprises to explore collaboration opportunities in research related to artificial intelligence. We believe your department would be an excellent fit.Best,Scarlett Green",Corporate inquiries
"Dear Professor Adams,I hope you are doing well! I am reaching out to discuss potential partnerships with your university on research initiatives in the field of healthcare technology.Thank you!Best,Alexander Wilson",Corporate inquiries
"Hello Dr. Smith,I hope this email finds you well. I am writing on behalf of MNO Technologies to inquire about potential internship opportunities for your students in the software development field.Best,Natalie King",Corporate inquiries
"Dear Ms. Garcia,I hope you are having a wonderful week. I am reaching out to discuss the possibility of sponsoring student research projects focused on community engagement and social impact.Best,Ethan Thompson",Corporate inquiries
"Hi Dr. Lee,I am contacting you from YZ Corporation. We are interested in exploring internship opportunities for students in business and marketing fields. Could we set up a time to discuss this?Thank you!Sincerely,Maya Johnson",Corporate inquiries
"Dear Professor White,I hope you are well! I am reaching out from STU Inc. to discuss the potential for collaboration on projects related to educational technology and online learning platforms.Best,Liam Brown",Corporate inquiries
"Hello Dr. Martinez,I hope you are having a productive day! I am writing on behalf of ABC Innovations to explore sponsorship opportunities for academic research in environmental science.Best,Sofia Harris",Corporate inquiries
"Dear Ms. Clark,I am writing to inquire about opportunities for your students to participate in internship programs at our company. We are interested in candidates from engineering and computer science backgrounds.Best,Jackson White",Corporate inquiries
"Hi Dr. Thompson,I hope this email finds you well. I am reaching out from DEF Tech to discuss potential partnerships in research focused on data science and analytics. We would love to collaborate with your department.Best,Chloe Taylor",Corporate inquiries
"Dear Professor Smith,I hope you are doing well! I am contacting you to discuss opportunities for collaboration on research projects focused on urban development and sustainability. Your insights would be invaluable to our efforts.Thank you!Best,Aiden Lee",Corporate inquiries
"Hello Dr. Johnson,I hope you are having a great day! I am reaching out from GHI Corporation to explore potential sponsorship of student-led research initiatives in renewable energy.Best,Grace Thompson",Corporate inquiries
"Dear Ms. Davis,I am writing to inquire about internship opportunities for your students at our company. We are interested in providing hands-on experience in technology and business.Best,Daniel Martinez",Corporate inquiries
"Hi Dr. Clark,I hope this message finds you well! I am reaching out from PQR Technologies to discuss potential collaborations on research initiatives in artificial intelligence. We believe your department would be an excellent partner.Best,Zoe Anderson",Corporate inquiries
"Dear Professor Taylor,I am contacting you to explore opportunities for establishing a partnership focused on health technology research. We would love to discuss potential projects together.Best,Mason Wilson",Corporate inquiries
"Hello Dr. Turner,I hope you are doing well! I am reaching out from STU Corp to inquire about potential collaboration on educational technology projects. Your department's expertise would be greatly valued.Thank you!Warm regards,Isabella Lee",Corporate inquiries
"Dear Ms. Walker,I hope this email finds you well! I am writing on behalf of ABC Inc. to discuss the possibility of sponsoring student research initiatives in data analytics.Best,Liam Brown",Corporate inquiries
"Our company is seeking interns for our summer program in software development. Could you provide us with information on how to connect with your students for internships",Corporate inquiries
"We are looking to recruit data analysts from your department for full-time positions. Could you share the hiring process or help us schedule a campus recruitment drive",Corporate inquiries
"Our organization is interested in sponsoring a project within your department related to AI ethics. Could we meet to discuss potential partnership opportunities",Corporate inquiries
"We would like to explore the possibility of offering mentorship and guest lectures on entrepreneurship to your students. Is this something your department would be interested in",Corporate inquiries
"Could you connect us with graduates specializing in cybersecurity We have job openings and would like to interview qualified candidates.",Corporate inquiries
"We are launching a new initiative in digital transformation and are seeking talented graduates to join our team. Could you provide us with information on recruitment from your department",Corporate inquiries
"We would like to offer a few scholarships to students in the field of data science. Could we set up a meeting to discuss this further",Corporate inquiries
"We are hosting a career fair focused on technology jobs. Could your department facilitate student participation",Corporate inquiries
"Our company is seeking partnerships with academic institutions for joint research projects in AI and robotics. Could we explore collaboration with your department",Corporate inquiries
"We are interested in sponsoring hackathons and coding competitions for your students. Could we discuss potential sponsorship opportunities",Corporate inquiries
"Could you connect us with recent graduates in cloud computing for our upcoming job openings",Corporate inquiries
"We are interested in hosting seminars and workshops for students in the field of cybersecurity. Would your department be interested in partnering",Corporate inquiries
"Our company is looking for collaboration on an industrial project involving IoT and machine learning. Could your department provide support and guidance",Corporate inquiries
"We would like to schedule a meeting to discuss potential recruitment opportunities with graduates specializing in blockchain technology.",Corporate inquiries
"We are exploring corporate sponsorship opportunities for research and development projects in your department. Could we discuss this further",Corporate inquiries
"We would like to offer guest lectures on AI in industry and its impact. Could we coordinate with your department",Corporate inquiries
"Could we schedule a visit to your university to meet students in your department who are interested in data science roles",Corporate inquiries
"We are interested in collaborating with your faculty on joint research related to cloud security. Could we schedule a discussion",Corporate inquiries
"We would like to offer a sponsorship program for student research projects. Can we discuss possible collaboration with your department",Corporate inquiries
"We are interested in providing mentorship to students working on AI-based projects in your department. Would this be of interest to you",Corporate inquiries
"Our company is organizing a tech conference and we’d like to invite your department’s faculty and students to participate. Could we set up a call to discuss this further",Corporate inquiries
"Could you provide us with a list of graduates with expertise in machine learning We are currently recruiting for various roles.",Corporate inquiries
"Our organization is launching a series of webinars on technology innovation. Could your department participate and co-host the event",Corporate inquiries
"We are looking to sponsor student research in the field of AI ethics. Could we arrange a meeting to explore this partnership",Corporate inquiries
"We are interested in offering internships to students with a background in natural language processing. Could you share the application process",Corporate inquiries
"We are seeking to collaborate with your department on a corporate-funded research project on data privacy. Could we discuss potential opportunities",Corporate inquiries
"Could your department recommend students for job placements in our company, specifically in the field of data analytics",Corporate inquiries
"We are interested in co-organizing a hackathon with your department focused on solving real-world industry problems. Could we explore this opportunity",Corporate inquiries